Domain,Product_URL
www.virgio.com,https://www.virgio.com/products/ss24-flowy-cotton-tier-dress-with-balloon-sleeve
www.virgio.com,https://www.virgio.com/products/pantone-puff-sleeve-smocked-dress
www.virgio.com,https://www.virgio.com/products/tiffany-versatile-cotton-striped-co-ords
www.virgio.com,https://www.virgio.com/products/nubohem-classy-cotton-straight-leg-culottes
www.virgio.com,https://www.virgio.com/products/rose-revival-cotton-floral-co-ord-set
www.virgio.com,https://www.virgio.com/products/linenluxe-wrap-top-flared-pant
www.virgio.com,https://www.virgio.com/products/ric-rac-lace-maxi-dress-with-lace-straps
www.virgio.com,https://www.virgio.com/products/rose-revival-viscose-linen-co-ord-set
www.virgio.com,https://www.virgio.com/products/9to9-rescued-poly-grey-trousers
www.virgio.com,https://www.virgio.com/products/reworked-shirt-suave-cotton-striped-shirt
www.virgio.com,https://www.virgio.com/products/utility-chic-cool-cotton-cargo-pants
www.virgio.com,https://www.virgio.com/products/veronicas-sleek-cotton-checked-top
www.virgio.com,https://www.virgio.com/products/verde-draped-blazer-dress-with-pockets
www.virgio.com,https://www.virgio.com/products/pantone-smocked-sleeveless-mini-dress
www.virgio.com,https://www.virgio.com/products/sleek-black-draped-shirt-dress
www.virgio.com,https://www.virgio.com/products/lace-up-petal-mini-dress
www.virgio.com,https://www.virgio.com/products/elegant-satin-strappy-floral-dress
www.virgio.com,https://www.virgio.com/products/ss24-cotton-pleated-detail-crop-top
www.virgio.com,https://www.virgio.com/products/ruffle-romance-blue-ruffle-dress-with-slit
www.virgio.com,https://www.virgio.com/products/whispering-clouds-oversized-embroidered-shirt
www.virgio.com,https://www.virgio.com/products/brightlinen-linen-viscose-collared-top
www.virgio.com,https://www.virgio.com/products/roselle-waist-detail-midi-dress
www.virgio.com,https://www.virgio.com/products/colorburst-criss-cross-chic-dress
www.virgio.com,https://www.virgio.com/products/gothic-boheme-hit2-white-contrast-embroidery-top
www.virgio.com,https://www.virgio.com/products/utility-chic-classy-cotton-co-ord-set
www.virgio.com,https://www.virgio.com/products/rose-revival-cotton-flared-pleated-jeans
www.virgio.com,https://www.virgio.com/products/knot-so-average-shirt-dress
www.virgio.com,https://www.virgio.com/products/gothic-boheme-hit2-front-tie-embroidered-top
www.virgio.com,https://www.virgio.com/products/utility-chic-comfy-viscose-jersey-top
www.virgio.com,https://www.virgio.com/products/rose-revival-viscose-gathered-top
www.virgio.com,https://www.virgio.com/products/wild-side-lace-up-mini-dress
www.virgio.com,https://www.virgio.com/products/9to9-rescued-poly-belt-blazer
www.virgio.com,https://www.virgio.com/products/brightlinen-viscose-linen-mini-dress
www.virgio.com,https://www.virgio.com/products/denimdaze-hit3strappy-fit-and-flare-dress
www.virgio.com,https://www.virgio.com/products/9to9-satin-pleated-midi-skirt
www.virgio.com,https://www.virgio.com/products/ruffle-romance-green-lettuce-hem-ruffle-top
www.virgio.com,https://www.virgio.com/products/rose-revival-recycled-poly-floral-top
www.virgio.com,https://www.virgio.com/products/utility-chic-comfy-lycra-boiler-suit
www.virgio.com,https://www.virgio.com/products/daisy-daydream-shoulder-dress-with-pockets
www.virgio.com,https://www.virgio.com/products/ric-rac-lace-full-sleeve-lace-trim-shirt
www.virgio.com,https://www.virgio.com/products/belted-sleeveless-shirt-dress
www.virgio.com,https://www.virgio.com/products/veronicas-retro-cotton-pleated-skirt
www.virgio.com,https://www.virgio.com/products/ruby-rose-halterneck-a-line-dress
www.virgio.com,https://www.virgio.com/products/ric-rac-lace-lace-detail-gathered-skirt
www.virgio.com,https://www.virgio.com/products/denim-daze-hit2-denim-wide-leg-pants
www.virgio.com,https://www.virgio.com/products/modern-muse-black-mini-crocket-skirt
www.virgio.com,https://www.virgio.com/products/youth-linen-scallop-cotton-midi-dress
www.virgio.com,https://www.virgio.com/products/reworked-panneled-stripe-shirt
www.virgio.com,https://www.virgio.com/products/whimsical-v-neck-garden-gala-dress
www.virgio.com,https://www.virgio.com/products/youth-linen-linen-scallop-top
www.virgio.com,https://www.virgio.com/products/emirati-essence-flap-placket-tunic-shirt
www.virgio.com,https://www.virgio.com/products/rose-revival-olive-flared-denims
www.virgio.com,https://www.virgio.com/products/ss24-breathable-cotton-button-down-shirt
www.virgio.com,https://www.virgio.com/products/upcycle-leopard-print-bandeau-top
www.virgio.com,https://www.virgio.com/products/date-sleek-red-pencil-skirt
www.virgio.com,https://www.virgio.com/products/denim-daze-hit2-denim-bubble-mini-skirt?_pos=2&_psq=bubble%20skirt%20&_ss=e&_v=1.0
www.virgio.com,https://www.virgio.com/products/nubohem-airy-cotton-a-line-top-with-lace-detail
www.virgio.com,https://www.virgio.com/products/floral-chic-lycra-satin-mini-dress
www.virgio.com,https://www.virgio.com/products/blushing-pink-shirt-dress?_pos=1&_psq=linen&_ss=e&_v=1.0
www.virgio.com,https://www.virgio.com/products/autumn-pop-abstract-floral-printed-shirt
www.virgio.com,https://www.virgio.com/products/perfect-match-balinese-cotton-slit-skirt
www.virgio.com,https://www.virgio.com/products/work-wear-china-olive-linen-blend-trousers
www.virgio.com,https://www.virgio.com/products/emirati-essence-tie-up-at-back-pintuck-kaftan
www.virgio.com,https://www.virgio.com/products/9to9-rescued-poly-pleat-midi
www.virgio.com,https://www.virgio.com/products/whispering-clouds-dolman-sleeve-shirt-dress
www.virgio.com,https://www.virgio.com/products/reworked-shirt-gorgeous-lycra-midi-dress
www.virgio.com,https://www.virgio.com/products/day-dress-hit2-viscose-tiered-dress
www.virgio.com,https://www.virgio.com/products/elevated-essential-h1-easy-knit-regular-t-shirt
www.virgio.com,https://www.virgio.com/products/ss24-breathable-cotton-ruched-dress-with-drawstrings
www.virgio.com,https://www.virgio.com/products/nubohem-cute-cotton-shoulder-tie-up-mini-dress
www.virgio.com,https://www.virgio.com/products/denim-daze-hit3-blue-wide-leg-denim
www.virgio.com,https://www.virgio.com/products/ss24-classy-cotton-cropped-shirt-and-shorts-coord-set
www.virgio.com,https://www.virgio.com/products/ss24-elegant-cotton-pintucks-midi-dress
www.virgio.com,https://www.virgio.com/products/chic-moss-crepe-fit-and-flare-dress
www.virgio.com,https://www.virgio.com/products/temple-flower-linen-striped-pleated-skirt
www.virgio.com,https://www.virgio.com/products/elevated-essential-h1-plush-knit-fitted-top
www.virgio.com,https://www.virgio.com/products/date-casual-lycra-satin-white-shirt
www.virgio.com,https://www.virgio.com/products/vintage-vogue-white-pin-tucks-detail-blouse
www.virgio.com,https://www.virgio.com/products/vintage-vogue-white-pleated-shorts
www.virgio.com,https://www.virgio.com/products/temple-flower-striped-asymmetrical-wrap-top
www.virgio.com,https://www.virgio.com/products/denim-daze-hit4-tie-up-wrap-denim-skorts
www.virgio.com,https://www.virgio.com/products/ric-rac-lace-black-ric-rac-lace-co-ords
www.virgio.com,https://www.virgio.com/products/linenluxe-elegant-a-line-dress
www.virgio.com,https://www.virgio.com/products/autumn-pop-pink-strappy-midi-dress
www.virgio.com,https://www.virgio.com/products/rose-revival-recycled-poly-co-ord-set
www.virgio.com,https://www.virgio.com/products/denim-daze-hit4-blue-straight-flared-denims
www.virgio.com,https://www.virgio.com/products/tranquil-checks-cottton-gingham-mini-dress
www.virgio.com,https://www.virgio.com/products/day-dress-hit2-viscose-strappy-dress
www.virgio.com,https://www.virgio.com/products/moonlit-blooms-smocked-style-with-pockets
www.virgio.com,https://www.virgio.com/products/floral-v-neck-fit-and-flare-dress
www.virgio.com,https://www.virgio.com/products/ric-rac-lace-black-ric-rac-lace-shirt
www.virgio.com,https://www.virgio.com/products/reworked-crop-top-with-tieup-detail-at-waist
www.virgio.com,https://www.virgio.com/products/cute-cotton-skater-dress
www.virgio.com,https://www.virgio.com/products/chic-block-print-shirt-dress-with-pockets
www.virgio.com,https://www.virgio.com/products/blue-solid-midi-shirt-dress?_pos=1&_psq=Luxurious%20blue%20lyocell%20midi%20shirt%20dress&_ss=e&_v=1.0
www.virgio.com,https://www.virgio.com/products/elevated-essential-h1-cool-knit-regular-t-shirt
www.virgio.com,https://www.virgio.com/products/glam-cotton-striped-ruched-skirt?_pos=10&_psq=skirts&_ss=e&_v=1.0
www.virgio.com,https://www.virgio.com/products/tailored-elegance-strappy-striped-crop-vest
www.virgio.com,https://www.virgio.com/products/nubohem-chic-cotton-boxy-shirt-with-scallop-hem?_pos=2&_psq=Broderie%20Anglais%20shirt&_ss=e&_v=1.0
www.virgio.com,https://www.virgio.com/products/youth-linen-cotton-linen-tie-front-vest
www.virgio.com,https://www.virgio.com/products/reworked-cotton-striped-shirt-dress
www.virgio.com,https://www.virgio.com/products/denim-daze-hit2-denim-fit-flare-skirt
www.virgio.com,https://www.virgio.com/products/elevated-essential-h1-bold-knit-sleeveless-top
www.virgio.com,https://www.virgio.com/products/denim-daze-hit3-strappy-smocking-denim-dress
www.virgio.com,https://www.virgio.com/products/rose-revival-viscose-gathered-dress
www.virgio.com,https://www.virgio.com/products/9to9-rescued-poly-straight-pants
www.virgio.com,https://www.virgio.com/products/solid-moss-draped-shirt-dress
www.virgio.com,https://www.virgio.com/products/veronicas-sleek-cotton-checked-skirt
www.virgio.com,https://www.virgio.com/products/denim-daze-hit3-blue-high-waist-jeans
www.virgio.com,https://www.virgio.com/products/perfect-match-vesper-floral-crop-top
www.virgio.com,https://www.virgio.com/products/moonlit-ruffles-pleated-puff-dress-with-pockets
www.virgio.com,https://www.virgio.com/products/red-checkered-midi-wrap-dress-with-pockets
www.virgio.com,https://www.virgio.com/products/chic-lycra-satin-floral-dress
www.virgio.com,https://www.virgio.com/products/slub-chic-embroidery-dress
www.virgio.com,https://www.virgio.com/products/pantone-peplum-top-with-tie-detail
www.virgio.com,https://www.virgio.com/products/work-wear-china-waist-tie-knee-length-dress
www.virgio.com,https://www.virgio.com/products/upcycle-blue-crop-vest
www.virgio.com,https://www.virgio.com/products/floral-chic-lycra-satin-floral-top
www.virgio.com,https://www.virgio.com/products/veronicas-flowy-viscose-floral-dress
www.virgio.com,https://www.virgio.com/products/youth-linen-cotton-chelsea-collar-top
www.virgio.com,https://www.virgio.com/products/flatknits-simco-cotton-polo-neck-top
www.virgio.com,https://www.virgio.com/products/utility-chic-jacket-beige-cropped-trench-coat
www.virgio.com,https://www.virgio.com/products/retro-cotton-gingham-top
www.virgio.com,https://www.virgio.com/products/breezy-floral-lycra-satin-dress
www.virgio.com,https://www.virgio.com/products/youth-linen-cotton-printed-co-ord-set
www.virgio.com,https://www.virgio.com/products/linenluxe-chic-a-line-skirt
www.virgio.com,https://www.virgio.com/products/ss24-pretty-cotton-schiffli-tiered-dress
www.virgio.com,https://www.virgio.com/products/date-timeless-lycra-satin-white-halter-neck-dress
www.virgio.com,https://www.virgio.com/products/nubohem-sleek-cotton-maxi-skirt
www.virgio.com,https://www.virgio.com/products/upcycle-polka-dot-ruffle-set
www.virgio.com,https://www.virgio.com/products/brightlinen-cotton-linen-polka-dress
www.virgio.com,https://www.virgio.com/products/linenluxe-glam-cropped-bustier
www.virgio.com,https://www.virgio.com/products/chic-lycra-satin-floral-top
www.virgio.com,https://www.virgio.com/products/glam-lycra-satin-floral-top
www.virgio.com,https://www.virgio.com/products/ss24-slinky-cotton-pleated-cami-crop-top
www.virgio.com,https://www.virgio.com/products/date-sizzling-red-dress-with-halter-neck-tie-up
www.virgio.com,https://www.virgio.com/products/papillon-charm-one-shoulder-maxi-dress
www.virgio.com,https://www.virgio.com/products/ss24-elegant-poly-moss-shoulder-tie-up-midi-dress
www.virgio.com,https://www.virgio.com/products/rose-revival-recycled-poly-shirt-shorts-set
www.virgio.com,https://www.virgio.com/products/youth-linen-linen-midi-dress-with-lace
www.virgio.com,https://www.virgio.com/products/emirati-essence-rolled-up-sleeve-boat-neck-top
www.virgio.com,https://www.virgio.com/products/9to9-rescued-poly-brown-shorts
www.virgio.com,https://www.virgio.com/products/emirati-essence-boxy-fit-dolman-sleeve-top
www.virgio.com,https://www.virgio.com/products/schiffli-serenade-in-blue-with-pockets
www.virgio.com,https://www.virgio.com/products/colorful-blooms-fiesta-frock-with-pockets
www.virgio.com,https://www.virgio.com/products/autumn-pop-floral-printed-shirt
www.virgio.com,https://www.virgio.com/products/emirati-essence-collared-boxy-button-up-shirt
www.virgio.com,https://www.virgio.com/products/flatknits-simco-cotton-striped-tank-top
www.virgio.com,https://www.virgio.com/products/academic-edge-hit1-cropped-boxy-blue-hoodie
www.virgio.com,https://www.virgio.com/products/modern-muse-white-crochet-crop-shirt
www.virgio.com,https://www.virgio.com/products/pantone-floral-print-gathered-dress
www.virgio.com,https://www.virgio.com/products/veronicas-chic-cotton-floral-top
www.virgio.com,https://www.virgio.com/products/date-bianca-sleek-black-co-ords
www.virgio.com,https://www.virgio.com/products/denim-daze-hit3-pleated-sleeve-denim-shirt
www.virgio.com,https://www.virgio.com/products/ric-rac-lace-black-ric-rac-lace-skort
www.virgio.com,https://www.virgio.com/products/blossom-blouson-green-dress-with-pockets
www.virgio.com,https://www.virgio.com/products/front-tie-up-dress-with-pocktes
www.virgio.com,https://www.virgio.com/products/perfect-match-cotton-drill-slit-skirt?_pos=2&_psq=%20drill%20skirt&_ss=e&_v=1.0
www.virgio.com,https://www.virgio.com/products/retro-cotton-gingham-skirt
www.virgio.com,https://www.virgio.com/products/soft-romance-black-bow-knot-tie-up-top
www.virgio.com,https://www.virgio.com/products/denim-daze-hit3-drop-shoulder-trucker-jacket
www.virgio.com,https://www.virgio.com/products/veronicas-flowy-viscose-floral-midi-dress
www.virgio.com,https://www.virgio.com/products/chic-serenade1-denim-banded-midi-dress
www.virgio.com,https://www.virgio.com/products/day-dress-hit2-viscose-floral-print-dress
www.virgio.com,https://www.virgio.com/products/poppy-poplin-cotton-floral-co-ord-set
www.virgio.com,https://www.virgio.com/products/upcycle-polka-dot-ruffle-crop-top
www.virgio.com,https://www.virgio.com/products/glam-lycra-satin-front-twist-top
www.virgio.com,https://www.virgio.com/products/academic-edge-hit1-cropped-hoodie-shorts-co-ord
www.virgio.com,https://www.virgio.com/products/artisans-aura-jaipur-hand-block-print-front-placket-dress
www.virgio.com,https://www.virgio.com/products/date-slinky-red-corset-top
www.virgio.com,https://www.virgio.com/products/work-wear-china-side-gathered-midi-dress
www.virgio.com,https://www.virgio.com/products/utility-chic-soft-cotton-parachute-pants
www.virgio.com,https://www.virgio.com/products/academic-edge-hit1-oversized-v-neck-sweater-vest
www.virgio.com,https://www.virgio.com/products/pantone-ditsy-print-pleated-shirt
www.virgio.com,https://www.virgio.com/products/gingham-glamour-mini-dress-with-pockets
www.virgio.com,https://www.virgio.com/products/veronicas-soft-cotton-crop-shirt
www.virgio.com,https://www.virgio.com/products/perfect-match-breezy-cotton-bandeau
www.virgio.com,https://www.virgio.com/products/gothic-boheme-hit2-black-embroidered-vest
www.virgio.com,https://www.virgio.com/products/veronicas-vintage-cotton-neck-tie-up-sheath-dress
www.virgio.com,https://www.virgio.com/products/ss24-sleek-cotton-paper-bag-shorts-with-slant-pockets
www.virgio.com,https://www.virgio.com/products/vintage-vogue-puff-sleeved-front-tie-top
www.virgio.com,https://www.virgio.com/products/artisans-aura-jaipur-hand-block-print-elasticated-waist-crop-top
www.virgio.com,https://www.virgio.com/products/satin-lycra-mini-dress
www.virgio.com,https://www.virgio.com/products/temple-flower-pleated-temple-flower-pants
www.virgio.com,https://www.virgio.com/products/denim-daze-hit3-dark-blue-denim-shirt
www.virgio.com,https://www.virgio.com/products/modern-muse-white-mini-crocket-skirt
www.virgio.com,https://www.virgio.com/products/rose-revival-recycled-poly-floral-skirt
www.virgio.com,https://www.virgio.com/products/veronicas-airy-viscose-solid-blue-shirt
www.virgio.com,https://www.virgio.com/products/glam-lycra-satin-floral-co-ord-set
www.virgio.com,https://www.virgio.com/products/blue-lagoon-crossback-dress
www.virgio.com,https://www.virgio.com/products/date-comfy-beige-relaxed-trousers
www.virgio.com,https://www.virgio.com/products/midnight-safari-chic-dress-with-pockets
www.virgio.com,https://www.virgio.com/products/glam-lycra-satin-ruching-skirt
www.virgio.com,https://www.virgio.com/products/emirati-essence-mandarin-collar-popover-shirt
www.virgio.com,https://www.virgio.com/products/poppy-poplin-chic-cotton-floral-shirt
www.virgio.com,https://www.virgio.com/products/veronicas-soft-cotton-floral-playsuit
www.virgio.com,https://www.virgio.com/products/youth-linen-cotton-vest-and-skirt-set
www.virgio.com,https://www.virgio.com/products/citrus-splash-polka-dot-dress-with-pockets
www.virgio.com,https://www.virgio.com/products/date-cute-lycra-satin-white-sleeveless-dress
www.virgio.com,https://www.virgio.com/products/chic-serenade1-cotton-voluminous-dress
www.virgio.com,https://www.virgio.com/products/youth-linen-cotton-linen-bodycon-dress
www.virgio.com,https://www.virgio.com/products/day-dress-hit1-cotton-front-tie-dress
www.virgio.com,https://www.virgio.com/products/ric-rac-lace-strappy-maxi-dress
www.virgio.com,https://www.virgio.com/products/tranquil-checks-cotton-tie-up-midi-dress
www.virgio.com,https://www.virgio.com/products/rose-revival-viscose-front-knotted-top
www.virgio.com,https://www.virgio.com/products/evelina-tiered-pink-cotton-dress
www.virgio.com,https://www.virgio.com/products/reworked-shirt-high-low-mandarin-collar-top
www.virgio.com,https://www.virgio.com/products/ric-rac-lace-full-puff-sleeve-shrug
www.virgio.com,https://www.virgio.com/products/pantone-strappy-gathered-dress
www.virgio.com,https://www.virgio.com/products/emirati-essence-asymmetrical-a-line-skirt
www.virgio.com,https://www.virgio.com/products/youth-linen-linen-mandarin-collar-top
www.virgio.com,https://www.virgio.com/products/temple-flower-striped-wide-leg-linen-pants
www.virgio.com,https://www.virgio.com/products/poppy-poplin-classy-cotton-co-ord-set
www.virgio.com,https://www.virgio.com/products/rose-revival-viscose-linen-shorts
www.virgio.com,https://www.virgio.com/products/work-wear-china-beige-jail-stripe-blazer
www.virgio.com,https://www.virgio.com/products/veronicas-chic-cotton-front-tie-up-shirt
www.virgio.com,https://www.virgio.com/products/denim-daze-hit3-dark-blue-high-waist-jeans
www.virgio.com,https://www.virgio.com/products/nautical-bloom-smocked-dress-with-pockets
www.virgio.com,https://www.virgio.com/products/posh-in-polka-cotton-printed-ruffle-top
www.virgio.com,https://www.virgio.com/products/floral-reverie-v-neck-maxi-dress
www.virgio.com,https://www.virgio.com/products/floral-glam-lycra-satin-floral-dress
www.virgio.com,https://www.virgio.com/products/regal-neckline-metallic-dress
www.virgio.com,https://www.virgio.com/products/pantone-strappy-tiered-lace-dress
www.virgio.com,https://www.virgio.com/products/date-comfy-lycra-satin-black-shirt?_pos=3&_psq=satin%20&_ss=e&_v=1.0
www.virgio.com,https://www.virgio.com/products/yellow-blue-mini-dress-with-square-neck
www.virgio.com,https://www.virgio.com/products/summer-stripes-button-front-flared-dress
www.virgio.com,https://www.virgio.com/products/square-neck-polka-dress
www.virgio.com,https://www.virgio.com/products/elevated-essential-h1-cool-knit-boxy-t-shirt
www.virgio.com,https://www.virgio.com/products/utility-chic-jacket-front-open-cropped-jacket
www.virgio.com,https://www.virgio.com/products/denim-daze-hit2-denim-trucker-jacket
www.virgio.com,https://www.virgio.com/products/veronicas-comfy-cotton-dress-with-suspended-strap
www.virgio.com,https://www.virgio.com/products/perfect-match-sublime-cotton-midi-skirt
www.virgio.com,https://www.virgio.com/products/versatile-moss-crepe-fit-flare-skirt
www.virgio.com,https://www.virgio.com/products/red-rose-criss-cross-chic-dress
www.virgio.com,https://www.virgio.com/products/soft-romance-red-balloon-skirt-dress
www.virgio.com,https://www.virgio.com/products/vivid-v-neck-frill-elegance-with-pockets
www.virgio.com,https://www.virgio.com/products/modern-muse-black-crochet-crop-shirt
www.virgio.com,https://www.virgio.com/products/milanka-sleek-solid-cotton-co-ords
www.virgio.com,https://www.virgio.com/products/mellow-yellow-cutout-chic-dress
www.virgio.com,https://www.virgio.com/products/youth-linen-linen-printed-midi-dress
www.virgio.com,https://www.virgio.com/products/veronicas-vintage-cotton-checked-crop-top
www.virgio.com,https://www.virgio.com/products/emirati-essence-front-slit-maxi-skirt
www.virgio.com,https://www.virgio.com/products/chic-lycra-satin-bustier-top
www.virgio.com,https://www.virgio.com/products/nubohem-versatile-cotton-boxy-shirt-with-scallop-hem
www.virgio.com,https://www.virgio.com/products/date-timeless-lycra-satin-black-halter-neck-dress
www.virgio.com,https://www.virgio.com/products/date-classy-black-lycra-satin-skirt
www.virgio.com,https://www.virgio.com/products/nubohem-breathable-cotton-tiered-skirt-with-smocked-waist?_pos=1&_psq=Tiered%20Skirt&_ss=e&_v=1.0
www.virgio.com,https://www.virgio.com/products/nubohem-sleek-cotton-straight-mini-skirt
www.virgio.com,https://www.virgio.com/products/work-wear-china-waist-gathered-midi-dress
www.virgio.com,https://www.virgio.com/products/brown-bloom-square-neck-dress-with-pockets
www.virgio.com,https://www.virgio.com/products/floral-dress-with-sweetheart-neck
www.virgio.com,https://www.virgio.com/products/rose-revival-boat-neck-floral-maxi-dress
www.virgio.com,https://www.virgio.com/products/perfect-match-cascade-midi-hem-skirt
www.virgio.com,https://www.virgio.com/products/buttoned-viscose-safari-dress-with-pockets
www.virgio.com,https://www.virgio.com/products/pretty-in-pink-mini-dress
www.virgio.com,https://www.virgio.com/products/date-chic-lycra-satin-black-corset-detail-dress
www.virgio.com,https://www.virgio.com/products/ss24-comfy-cotton-pintucks-midi-dress
www.virgio.com,https://www.virgio.com/products/date-classy-red-dress-with-contrast-ruffles
www.virgio.com,https://www.virgio.com/products/elevated-essential-h1-comfy-crop-boxy-t-shirt
www.virgio.com,https://www.virgio.com/products/9to9-rescued-poly-brown-pants
www.virgio.com,https://www.virgio.com/products/denimdaze-edgy-denim-crop-jacket
www.virgio.com,https://www.virgio.com/products/soft-romance-black-balloon-skirt-dress
www.virgio.com,https://www.virgio.com/products/ss24-airy-cotton-fit-and-flare-dress-with-elasticated-waist
www.virgio.com,https://www.virgio.com/products/9to9-rescued-poly-crop-trousers
www.virgio.com,https://www.virgio.com/products/day-dress-hit2-cotton-plaid-shacket
www.virgio.com,https://www.virgio.com/products/ss24-airy-cotton-pinafore-romper
www.virgio.com,https://www.virgio.com/products/artisans-aura-jaipur-hand-block-print-crop-top
www.virgio.com,https://www.virgio.com/products/date-comfy-lycra-satin-black-shirt
www.virgio.com,https://www.virgio.com/products/ric-rac-lace-red-lace-detail-flared-pants
www.virgio.com,https://www.virgio.com/products/denimdaze-sultry-denim-mini-skirt
www.virgio.com,https://www.virgio.com/products/pantone-sleeveless-tiered-mini-dress
www.virgio.com,https://www.virgio.com/products/sun-kissed-floral-bodycon-dress
www.virgio.com,https://www.virgio.com/products/marooned-in-polka-bliss-with-pockets
www.virgio.com,https://www.virgio.com/products/gothic-boheme-hit2-maroon-contrast-embroidery-dress
www.virgio.com,https://www.virgio.com/products/reworked-tier-dress-with-smocking-detail
www.virgio.com,https://www.virgio.com/products/tailored-elegance-deep-v-neck-sleeveless-vest
www.virgio.com,https://www.virgio.com/products/veronicas-chic-cotton-paper-bag-waist-trousers
www.virgio.com,https://www.virgio.com/products/poppy-poplin-cotton-floral-mini-shorts
www.virgio.com,https://www.virgio.com/products/utility-chic-chic-cotton-flared-skirt
www.virgio.com,https://www.virgio.com/products/emirati-essence-lace-detail-blouson-top
www.virgio.com,https://www.virgio.com/products/perfect-match-cotton-front-knot-top
www.virgio.com,https://www.virgio.com/products/sleeveless-slim-fit-midi-dress
www.virgio.com,https://www.virgio.com/products/utility-chic-playful-cotton-skorts
www.virgio.com,https://www.virgio.com/products/9to9-brown-shoulder-pleated-top
www.virgio.com,https://www.virgio.com/products/nubohem-comfy-cotton-regular-mini-shorts
www.virgio.com,https://www.virgio.com/products/9to9-rescued-poly-tie-up-pants
www.virgio.com,https://www.virgio.com/products/denim-daze-hit2-denim-relaxed-fit-jacket
www.virgio.com,https://www.virgio.com/products/academic-edge-hit2-embroidered-distressed-wash-tee
www.virgio.com,https://www.virgio.com/products/veronicas-chic-cotton-pleated-skirt
www.virgio.com,https://www.virgio.com/products/rose-revival-cotton-floral-maxi-dress
www.virgio.com,https://www.virgio.com/products/zesty-orange-button-up-sweetheart-dress
www.virgio.com,https://www.virgio.com/products/black-floral-frill-dress-with-pockets
www.virgio.com,https://www.virgio.com/products/ss24-sleek-poly-viscose-front-overlap-jumpsuit
www.virgio.com,https://www.virgio.com/products/veronicas-dainty-viscose-checked-dress
www.virgio.com,https://www.virgio.com/products/blue-solid-midi-shirt-dress
www.virgio.com,https://www.virgio.com/products/linenluxe-classy-jumpsuit-with-cut-out
www.virgio.com,https://www.virgio.com/products/zesty-zinnia-lace-up-dress
www.virgio.com,https://www.virgio.com/products/elevated-essential-h1-casual-crop-boxy-t-shirt
www.virgio.com,https://www.virgio.com/products/ss24-comfy-cotton-straight-pants-and-sleeveless-top-coord-set
www.virgio.com,https://www.virgio.com/products/date-breezy-black-relaxed-trousers
www.virgio.com,https://www.virgio.com/products/vintage-vogue-white-ruffled-collar-shirt
www.virgio.com,https://www.virgio.com/products/nubohem-elegant-cotton-elasticated-waist-mini-dress
www.virgio.com,https://www.virgio.com/products/ric-rac-lace-floral-tie-strap-mini-dress
www.virgio.com,https://www.virgio.com/products/reworked-crop-breathable-cotton-cami-top-with-frills
www.virgio.com,https://www.virgio.com/products/elevated-essentials-versatile-poly-blend-high-waist-shorts
www.virgio.com,https://www.virgio.com/products/sootelle-waist-detail-midi-dress
www.virgio.com,https://www.virgio.com/products/perfect-match-balinese-cotton-co-ord
www.virgio.com,https://www.virgio.com/products/artisans-aura-handcrafted-royal-jaipur-block-print-dress
www.virgio.com,https://www.virgio.com/products/veronicas-glam-cotton-checked-skirt
www.virgio.com,https://www.virgio.com/products/pantone-colour-block-bow-tie-up-top
www.virgio.com,https://www.virgio.com/products/perfect-match-floral-modal-co-ord
www.virgio.com,https://www.virgio.com/products/date-sizzling-black-dress-with-halter-neck-tie-up
www.virgio.com,https://www.virgio.com/products/ruffle-romance-green-ruffle-midi-dress
www.virgio.com,https://www.virgio.com/products/mandarin-collar-dress-with-pockets
www.virgio.com,https://www.virgio.com/products/elevated-essentials-sleek-poly-blend-high-waist-shorts
www.virgio.com,https://www.virgio.com/products/rose-revival-recycled-poly-printed-shorts
www.virgio.com,https://www.virgio.com/products/mustard-muse-crossed-strap-elegance
www.virgio.com,https://www.virgio.com/products/nubohem-chic-cotton-fit-flare-dress-with-flutter-sleeves
www.virgio.com,https://www.virgio.com/products/veronicas-breezy-cotton-polka-top
www.virgio.com,https://www.virgio.com/products/versatile-lycra-satin-floral-bomber-jacket
www.virgio.com,https://www.virgio.com/products/ss24-flirty-cotton-ruffle-mini-skirt
www.virgio.com,https://www.virgio.com/products/9to9-rescued-poly-checked-pants
www.virgio.com,https://www.virgio.com/products/brown-fit-and-flare-dress-with-puff-sleeves
www.virgio.com,https://www.virgio.com/products/veronicas-playful-cotton-checked-skirt
www.virgio.com,https://www.virgio.com/products/denim-daze-hit3-dark-blue-denim-crop-shirt
www.virgio.com,https://www.virgio.com/products/perfect-match-ethereal-cotton-co-ord
www.virgio.com,https://www.virgio.com/products/work-wear-china-square-neck-fitted-dress
www.virgio.com,https://www.virgio.com/products/9to9-rescued-poly-black-shorts
www.virgio.com,https://www.virgio.com/products/navy-fruit-medley-elegance-with-pockets
www.virgio.com,https://www.virgio.com/products/sultry-recycled-polyester-floral-skirt
www.virgio.com,https://www.virgio.com/products/glam-lycra-satin-floral-shorts
www.virgio.com,https://www.virgio.com/products/denim-daze-hit4-panelled-denim-blue-shorts
www.virgio.com,https://www.virgio.com/products/knot-so-average-shirt-dress?_pos=2&_psq=linen&_ss=e&_v=1.0
www.virgio.com,https://www.virgio.com/products/rose-revival-cotton-floral-mini-skirt
www.virgio.com,https://www.virgio.com/products/autumn-pop-blue-strappy-midi-dress
www.virgio.com,https://www.virgio.com/products/pantone-colour-blocked-layered-dress
www.virgio.com,https://www.virgio.com/products/denimdaze-distressed-boyfriend-jeans
www.virgio.com,https://www.virgio.com/products/flatknits-simco-cotton-black-tank-crop-top
www.virgio.com,https://www.virgio.com/products/gothic-boheme-hit2-white-embroidered-vest
www.virgio.com,https://www.virgio.com/products/date-sizzling-black-corset-top
www.virgio.com,https://www.virgio.com/products/summer-stripes-striped-tiered-midi-skirt
www.virgio.com,https://www.virgio.com/products/v-neck-printed-mini-dress
www.virgio.com,https://www.virgio.com/products/emirati-essence-cut-out-waist-a-line-dress
www.virgio.com,https://www.virgio.com/products/white-whimsy-mini-delight-with-pockets
www.virgio.com,https://www.virgio.com/products/floral-embroidered-mini-dress-with-puff-sleeves
www.virgio.com,https://www.virgio.com/products/work-wear-china-beige-jail-stripe-shorts
www.virgio.com,https://www.virgio.com/products/vintage-vogue-skirt-with-tie-up-at-slit
www.virgio.com,https://www.virgio.com/products/rose-revival-recycled-poly-floral-dress
www.virgio.com,https://www.virgio.com/products/whispering-clouds-red-dolman-sleeve-shirt-dress
www.virgio.com,https://www.virgio.com/products/glam-lycra-satin-floral-dress
www.virgio.com,https://www.virgio.com/products/poppy-poplin-stylish-cotton-midi-dress
www.virgio.com,https://www.virgio.com/products/veronicas-breezy-cotton-fit-flare-dress
www.virgio.com,https://www.virgio.com/products/black-smocked-waist-fit-flare-dress
www.virgio.com,https://www.virgio.com/products/ss24-glam-cotton-corset-top-with-puff-sleeves
www.virgio.com,https://www.virgio.com/products/9to9-cotton-flared-pants
www.virgio.com,https://www.virgio.com/products/ss24-chic-cotton-pinafore-romper
www.virgio.com,https://www.virgio.com/products/reworked-cropped-boxy-shirt
www.virgio.com,https://www.virgio.com/products/floral-flare-collar-mini-dress
www.virgio.com,https://www.virgio.com/products/vintage-vogue-block-print-bootcut-pants
www.virgio.com,https://www.virgio.com/products/brightlinen-glam-viscose-linen-skirt
www.virgio.com,https://www.virgio.com/products/polka-fit-and-flare-dress-with-detachable-sleeves
www.virgio.com,https://www.virgio.com/products/evora-tiered-cotton-dress
www.virgio.com,https://www.virgio.com/products/perfect-match-torrid-cotton-co-ord
www.virgio.com,https://www.virgio.com/products/9to9-rescued-poly-draped-dress
www.virgio.com,https://www.virgio.com/products/floral-classy-recycled-polyester-strappy-floral-dress
www.virgio.com,https://www.virgio.com/products/whispering-clouds-collared-high-low-hem-top
www.virgio.com,https://www.virgio.com/products/academic-edge-hit1-hoodie-shorts-co-ord-set
www.virgio.com,https://www.virgio.com/products/lease-line-hit2-front-tie-up-printed-dress
www.virgio.com,https://www.virgio.com/products/youth-linen-cotton-scallop-hem-skirt
www.virgio.com,https://www.virgio.com/products/ric-rac-lace-blue-lace-detail-co-ords
www.virgio.com,https://www.virgio.com/products/ss24-chic-cotton-cropped-puff-sleeve-top
www.virgio.com,https://www.virgio.com/products/denimdaze-dark-blue-boyfriend-jeans
www.virgio.com,https://www.virgio.com/products/nubohem-charming-cotton-top-with-scallop-strap
www.virgio.com,https://www.virgio.com/products/sultry-recycled-polyester-floral-co-ord-set
www.virgio.com,https://www.virgio.com/products/9to9-cotton-wide-high-pants
www.virgio.com,https://www.virgio.com/products/summer-stripes-buttoned-pointed-hem-vest
www.virgio.com,https://www.virgio.com/products/9to9-rescued-poly-flared-pants
www.virgio.com,https://www.virgio.com/products/vintage-vogue-long-sleeve-shirt-bralette
www.virgio.com,https://www.virgio.com/products/tailored-elegance-off-shoulder-striped-dress
www.virgio.com,https://www.virgio.com/products/linenluxe-gorgeous-midi-ring-dress
www.virgio.com,https://www.virgio.com/products/soft-romance-halter-neck-tiered-dress
www.virgio.com,https://www.virgio.com/products/ric-rac-lace-lace-detail-flared-pants
www.virgio.com,https://www.virgio.com/products/nubohem-breathable-cotton-tube-dress-with-detachable-straps
www.virgio.com,https://www.virgio.com/products/perfect-match-floral-modal-midi
www.virgio.com,https://www.virgio.com/products/tailored-elegance-striped-pleated-culottes
www.virgio.com,https://www.virgio.com/products/schiffli-fit-and-flare-dress-with-puff-sleeves
www.virgio.com,https://www.virgio.com/products/lace-up-petal-mini-dress?_pos=5&_psq=lace%20dress&_ss=e&_v=1.0
www.virgio.com,https://www.virgio.com/products/9to9-eco-checked-poly-pants
www.virgio.com,https://www.virgio.com/products/reworked-shirt-pleated-detail-striped-shirt
www.virgio.com,https://www.virgio.com/products/sleek-back-detail-mini-dress-with-pockets
www.virgio.com,https://www.virgio.com/products/garden-whisper-sleeve-dress-with-pockets
www.virgio.com,https://www.virgio.com/products/tailored-elegance-checked-mini-pleated-skirt
www.virgio.com,https://www.virgio.com/products/tailored-elegance-striped-fitted-v-neck-dress
www.virgio.com,https://www.virgio.com/products/poppy-poplin-classy-cotton-mini-dress
www.virgio.com,https://www.virgio.com/products/rose-revival-cotton-front-pleated-jeans
www.virgio.com,https://www.virgio.com/products/temple-flower-temple-flower-printed-shirt
www.virgio.com,https://www.virgio.com/products/tranquil-checks-cotton-check-co-ord-set
www.virgio.com,https://www.virgio.com/products/poppy-poplin-versatile-cotton-shirt
www.virgio.com,https://www.virgio.com/products/floral-embroidered-mini-dress
www.virgio.com,https://www.virgio.com/products/autumn-pop-pink-tie-detail-dress
www.virgio.com,https://www.virgio.com/products/chic-serenade1-denim-banded-flared-dress
www.virgio.com,https://www.virgio.com/products/artisans-aura-jaipur-hand-block-print-slip-dress
www.virgio.com,https://www.virgio.com/products/chic-polka-dot-serenade-maxi-dress
www.virgio.com,https://www.virgio.com/products/upcycle-baby-blue-wrap-up-mini-skirt
www.virgio.com,https://www.virgio.com/products/linenluxe-sleek-cotton-sleeveless-top
www.virgio.com,https://www.virgio.com/products/tailored-elegance-black-puff-sleeve-mini-dress
www.virgio.com,https://www.virgio.com/products/artisans-aura-handcrafted-jaipur-hand-block-print-wrap-skirt
www.virgio.com,https://www.virgio.com/products/perfect-match-drill-cotton-co-ord
www.virgio.com,https://www.virgio.com/products/modern-muse-white-shirt-dress-with-vest
www.virgio.com,https://www.virgio.com/products/multihued-back-detail-mini-dress
www.virgio.com,https://www.virgio.com/products/veronicas-sleek-cotton-checked-tapered-trousers
www.virgio.com,https://www.virgio.com/products/pantone-brown-straight-fit-trousers
www.virgio.com,https://www.virgio.com/products/utility-chic-cotton-camo-co-ord-set
www.virgio.com,https://www.virgio.com/products/work-wear-china-olive-princess-line-waistcoat
www.virgio.com,https://www.virgio.com/products/earthy-elegance-drawstring-dress-with-pockets
www.virgio.com,https://www.virgio.com/products/perfect-match-flowy-cotton-godet-skirt
www.virgio.com,https://www.virgio.com/products/autumn-pop-green-milkmaid-midi-dress
www.virgio.com,https://www.virgio.com/products/ss24-comfy-cotton-sleeveless-overshirt
www.virgio.com,https://www.virgio.com/products/poplin-ditsy-sunshine-with-pockets
www.virgio.com,https://www.virgio.com/products/perfect-match-zesty-cotton-mini-shorts
www.virgio.com,https://www.virgio.com/products/denim-daze-hit3-light-blue-wrap-mini-skirt
www.virgio.com,https://www.virgio.com/products/shimmering-front-tie-up-metallic-dress-with-pockets
www.virgio.com,https://www.virgio.com/products/vintage-vogue-long-puff-sleeved-shirt
www.virgio.com,https://www.virgio.com/products/ss24-structured-cotton-shirt-with-oversized-collar
www.virgio.com,https://www.virgio.com/products/denimdaze-chic-denim-skirt-with-slit
www.virgio.com,https://www.virgio.com/products/9to9-rescued-poly-grey-skorts
www.virgio.com,https://www.virgio.com/products/date-glam-white-slip-dress-with-asymmetric-neckline
www.virgio.com,https://www.virgio.com/products/date-chic-lycra-satin-red-v-neck-dress
www.virgio.com,https://www.virgio.com/products/rose-revival-viscose-floral-print-shirt
www.virgio.com,https://www.virgio.com/products/smocking-poplin-regal-flare-cotton-dress
www.virgio.com,https://www.virgio.com/products/rose-revival-recycled-poly-corset-top
www.virgio.com,https://www.virgio.com/products/reworked-fitted-cotton-twill-darted-straight-legged-shorts
www.virgio.com,https://www.virgio.com/products/posh-in-polka-vertical-ruffle-polka-skirt
www.virgio.com,https://www.virgio.com/products/rose-revival-recycled-poly-mini-shorts
www.virgio.com,https://www.virgio.com/products/nubohem-versatile-cotton-cowl-sleeve-mini-dress
www.virgio.com,https://www.virgio.com/products/upcycle-baby-blue-halter-neck-crop-top
www.virgio.com,https://www.virgio.com/products/retro-cotton-gingham-co-ord
www.virgio.com,https://www.virgio.com/products/glam-lycra-satin-co-ord-set
www.virgio.com,https://www.virgio.com/products/multicolored-meadow-smocked-floral-dress
www.virgio.com,https://www.virgio.com/products/ss24-cute-cotton-pinafore-romper
www.virgio.com,https://www.virgio.com/products/soft-romance-bell-sleeve-regular-shirt
www.virgio.com,https://www.virgio.com/products/denim-daze-hit3-grey-wide-leg-denim
www.virgio.com,https://www.virgio.com/products/ruffle-romance-asymmetrical-hem-frill-dress
www.virgio.com,https://www.virgio.com/products/evita-tiered-blue-cotton-dress
www.virgio.com,https://www.virgio.com/products/vintage-vogue-waist-cut-out-midi-dress
www.virgio.com,https://www.virgio.com/products/nubohem-gorgeous-cotton-tube-dress-with-detachable-straps
www.virgio.com,https://www.virgio.com/products/whispering-clouds-embroidered-oversized-shirt
www.virgio.com,https://www.virgio.com/products/tranquil-checks-cotton-gingham-mini-short
www.virgio.com,https://www.virgio.com/products/party-wear-maroon-embellished-dolman-top
www.virgio.com,https://www.virgio.com/products/gothic-boheme-hit2-maroon-ruffle-midi-skirt
www.virgio.com,https://www.virgio.com/products/modern-muse-purple-lace-detail-midi-dress
www.virgio.com,https://www.virgio.com/products/fit-and-flare-dress-with-blouson-sleeve
www.virgio.com,https://www.virgio.com/products/upcycle-baby-pink-ruffle-co-ord-set
www.virgio.com,https://www.virgio.com/products/artisans-aura-jaipur-hand-block-print-tie-up-neck-dress
www.virgio.com,https://www.virgio.com/products/emirati-essence-pintuck-sleeveless-top
www.virgio.com,https://www.virgio.com/products/smocking-poplin-plush-smocked-cotton-dress
www.virgio.com,https://www.virgio.com/products/date-glam-corset-dress-with-flutter-sleeve
www.virgio.com,https://www.virgio.com/products/vintage-vogue-teal-puff-sleeve-midi-dress
www.virgio.com,https://www.virgio.com/products/ruffle-romance-ruffle-off-shoulder-crop-top
www.virgio.com,https://www.virgio.com/products/reworked-comfy-cotton-ankle-length-parachute-trousers
www.virgio.com,https://www.virgio.com/products/linenluxe-airy-flared-pants
www.virgio.com,https://www.virgio.com/products/work-wear-china-khakhi-high-waist-pants
www.virgio.com,https://www.virgio.com/products/perfect-match-vibrant-cotton-co-ord
www.virgio.com,https://www.virgio.com/products/berry-pop-denim-dress
www.virgio.com,https://www.virgio.com/products/veronicas-airy-viscose-solid-white-shirt
www.virgio.com,https://www.virgio.com/products/modern-muse-lace-drop-shoulder-shirt
www.virgio.com,https://www.virgio.com/products/reworked-chic-lycra-solid-shorts-with-slant-pockets
www.virgio.com,https://www.virgio.com/products/fiery-animal-print-frock-with-pockets
www.virgio.com,https://www.virgio.com/products/rose-revival-recycled-poly-cargo-shirt
www.virgio.com,https://www.virgio.com/products/tailored-elegance-maxi-dress-with-back-cutout
www.virgio.com,https://www.virgio.com/products/floral-sky-batwing-shift-with-pockets
www.virgio.com,https://www.virgio.com/products/posh-in-polka-cotton-polka-crop-top
www.virgio.com,https://www.virgio.com/products/smocking-hot-hit2-cotton-peplum-co-ord-set
www.virgio.com,https://www.virgio.com/products/linenluxe-versatile-narrow-trousers
www.virgio.com,https://www.virgio.com/products/elevated-essential-h1-chic-knit-fitted-top
www.virgio.com,https://www.virgio.com/products/veronicas-comfy-cotton-check-dress
www.virgio.com,https://www.virgio.com/products/tailored-elegance-high-collar-crop-vest
www.virgio.com,https://www.virgio.com/products/veronicas-chic-cotton-crop-top
www.virgio.com,https://www.virgio.com/products/work-wear-china-button-detail-midi-skirt
www.virgio.com,https://www.virgio.com/products/rose-revival-viscose-overlap-wrap-pants
www.virgio.com,https://www.virgio.com/products/floral-fling-shirt-dress
www.virgio.com,https://www.virgio.com/products/youth-linen-cotton-printed-boxy-shirt
www.virgio.com,https://www.virgio.com/products/9to9-eco-ruffle-poly-blouse
www.virgio.com,https://www.virgio.com/products/square-neck-sunshine-dress
www.virgio.com,https://www.virgio.com/products/utility-chic-jacket-navy-blue-cropped-jacket
www.virgio.com,https://www.virgio.com/products/reworked-versatile-cotton-striped-sleeveless-crop-shirt
www.virgio.com,https://www.virgio.com/products/chic-lycra-satin-floral-trousers
www.virgio.com,https://www.virgio.com/products/work-wear-china-olive-button-detail-skirt
www.virgio.com,https://www.virgio.com/products/nubohem-chic-cotton-embroidered-mini-skirt
www.virgio.com,https://www.virgio.com/products/veronicas-comfy-cotton-checked-top
www.virgio.com,https://www.virgio.com/products/9to9-cotton-co-ords-set
www.virgio.com,https://www.virgio.com/products/summer-stripes-fitted-waist-shirt-dress
www.virgio.com,https://www.virgio.com/products/vintage-bloom-cotton-voluminous-maxi-dress
www.virgio.com,https://www.virgio.com/products/veronicas-comfy-cotton-striped-playsuit
www.virgio.com,https://www.virgio.com/products/temple-flower-hand-painted-striped-shorts
www.virgio.com,https://www.virgio.com/products/ss24-sleek-viscose-striped-midi-skirt
www.virgio.com,https://www.virgio.com/products/9to9-cotton-smocking-top
www.virgio.com,https://www.virgio.com/products/9to9-rescued-poly-bodycon-dress
www.virgio.com,https://www.virgio.com/products/9to9-cotton-strapless-top
www.virgio.com,https://www.virgio.com/products/rose-revival-viscose-strappy-midi-dress
www.virgio.com,https://www.virgio.com/products/autumn-pop-abstract-floral-printed-pants
www.virgio.com,https://www.virgio.com/products/classy-lycra-satin-floral-bomber-jacket
www.virgio.com,https://www.virgio.com/products/veronicas-comfy-cotton-polka-boxy-fit-shirt
www.virgio.com,https://www.virgio.com/products/nubohem-sultry-cotton-tube-top-with-trousers
www.virgio.com,https://www.virgio.com/products/polka-dot-serenade-fantasy-with-pockets
www.virgio.com,https://www.virgio.com/products/gothic-boheme-hit2-black-contrast-embroidery-top
www.virgio.com,https://www.virgio.com/products/perfect-match-dreamy-top-skirt-co-ord
www.virgio.com,https://www.virgio.com/products/9to9-cotton-regular-shirt
www.virgio.com,https://www.virgio.com/products/fit-and-flare-square-neck-schiffili-dress
www.virgio.com,https://www.virgio.com/products/nubohem-stylish-cotton-crop-top-with-flared-skirt
www.virgio.com,https://www.virgio.com/products/party-wear-black-embellished-midi-dress
www.virgio.com,https://www.virgio.com/products/youth-linen-cotton-lace-floral-dress
www.virgio.com,https://www.virgio.com/products/v-neck-dress-with-blouson-sleeves
www.virgio.com,https://www.virgio.com/products/sweetheart-neckline-dress
www.virgio.com,https://www.virgio.com/products/9to9-rescued-poly-black-pants
www.virgio.com,https://www.virgio.com/products/rose-revival-denim-flared-trousers
www.virgio.com,https://www.virgio.com/products/perfect-match-divine-cotton-peplum-top
www.virgio.com,https://www.virgio.com/products/work-wear-china-layered-full-sleeve-top
www.virgio.com,https://www.virgio.com/products/9to9-rescued-poly-pleated-pants
www.virgio.com,https://www.virgio.com/products/veronicas-chic-cotton-checks-fitted-skirt
www.virgio.com,https://www.virgio.com/products/poppy-poplin-stylish-cotton-mini-dress
www.virgio.com,https://www.virgio.com/products/ss24-cute-cotton-pleated-dress-with-ruffles
www.virgio.com,https://www.virgio.com/products/retro-gingham-front-tie-shirt
www.virgio.com,https://www.virgio.com/products/utility-chic-jacket-utility-jacket-with-flange
www.virgio.com,https://www.virgio.com/products/artisans-aura-jaipur-hand-block-print-front-tie-shorts
www.virgio.com,https://www.virgio.com/products/abstract-aura-button-front-dress-wih-pockets
www.virgio.com,https://www.virgio.com/products/youth-linen-cotton-boxy-shirt
www.virgio.com,https://www.virgio.com/products/rose-revival-viscose-strappy-dress
www.virgio.com,https://www.virgio.com/products/youth-linen-linen-high-neck-top
www.virgio.com,https://www.virgio.com/products/pantone-strappy-mini-lace-dress
www.virgio.com,https://www.virgio.com/products/veronicas-sleek-cotton-checked-co-ords
www.virgio.com,https://www.virgio.com/products/denim-daze-hit3-black-high-waist-jeans
www.virgio.com,https://www.virgio.com/products/soft-romance-ruffled-mini-dress-with-bow
www.virgio.com,https://www.virgio.com/products/youth-linen-cotton-floral-co-ord-set
www.virgio.com,https://www.virgio.com/products/nubohem-comfy-cotton-tiered-high-low-skirt
www.virgio.com,https://www.virgio.com/products/linenluxe-dress-with-lace-details
www.virgio.com,https://www.virgio.com/products/ric-rac-lace-puffed-balloon-sleeve-shrug
www.virgio.com,https://www.virgio.com/products/denim-daze-hit2-denim-midi-slit-skirt
www.virgio.com,https://www.virgio.com/products/nubohem-comfy-cotton-embroidered-trousers
www.virgio.com,https://www.virgio.com/products/upcycle-floral-wrap-skirt
www.virgio.com,https://www.virgio.com/products/utility-chic-jacket-cropped-trench-coat-cape
www.virgio.com,https://www.virgio.com/products/ss24-pink-waist-cut-out-cotton-dress
www.virgio.com,https://www.virgio.com/products/vintage-bloom-cotton-smocking-maxi-dress
www.virgio.com,https://www.virgio.com/products/perfect-match-throw-on-top-and-shirt
www.virgio.com,https://www.virgio.com/products/denim-daze-hit3-dark-blue-wrap-mini-skirt
www.virgio.com,https://www.virgio.com/products/taupe-temptation-front-draped-dress
www.virgio.com,https://www.virgio.com/products/belted-schiffli-dress-with-puff-sleeves
www.virgio.com,https://www.virgio.com/products/retro-cotton-halter-neck-top
www.virgio.com,https://www.virgio.com/products/cottonon-blaine-waist-detail-midi-dress
www.virgio.com,https://www.virgio.com/products/modern-muse-blue-crochet-crop-top
www.virgio.com,https://www.virgio.com/products/upcycle-puff-sleeved-printed-corset-harness-dress
www.virgio.com,https://www.virgio.com/products/ruffle-romance-ruffle-top-with-lettuce-hem
www.virgio.com,https://www.virgio.com/products/upcycle-blue-waist-coat-co-ord-set
www.virgio.com,https://www.virgio.com/products/temple-flower-eco-printed-asymmetric-waistcoat
www.virgio.com,https://www.virgio.com/products/perfect-match-torrid-cotton-drill-skirt
www.virgio.com,https://www.virgio.com/products/9to9-cotton-cap-sleeve-shirt
www.virgio.com,https://www.virgio.com/products/rose-revival-cotton-tiered-flared-dress
www.virgio.com,https://www.virgio.com/products/hernes-cotton-polka-twin-set
www.virgio.com,https://www.virgio.com/products/emirati-essence-lace-detail-blouson-boxy-top
www.virgio.com,https://www.virgio.com/products/tropical-oasis-wrap-dress
www.virgio.com,https://www.virgio.com/products/dramatic-floral-twist-with-pockets
www.virgio.com,https://www.virgio.com/products/ruffle-romance-black-ruffle-midi-dress
www.virgio.com,https://www.virgio.com/products/academic-edge-hit2-distressed-wash-embroidered-tee
www.virgio.com,https://www.virgio.com/products/temple-flower-front-tie-up-pintuck-dress
www.virgio.com,https://www.virgio.com/products/smocking-hot-hit2-cotton-smocking-mini-skirt
www.virgio.com,https://www.virgio.com/products/ss24-pink-bustier-cotton-crop-top
www.virgio.com,https://www.virgio.com/products/modern-muse-embroidered-top-with-ruffles
www.virgio.com,https://www.virgio.com/products/ss24-breathable-cotton-bubble-dress-with-balloon-sleeves
www.virgio.com,https://www.virgio.com/products/perfect-match-cotton-drill-co-ord
www.virgio.com,https://www.virgio.com/products/pantone-short-sleeve-buttoned-shirt
www.virgio.com,https://www.virgio.com/products/brightlinen-cotton-linen-bustier-top
www.virgio.com,https://www.virgio.com/products/smocking-hot-hit2-poplin-smocking-shirt
www.virgio.com,https://www.virgio.com/products/white-petal-puff-sleeve-mini-with-pockets
www.virgio.com,https://www.virgio.com/products/retro-cotton-tiered-mini-skirt
www.virgio.com,https://www.virgio.com/products/work-wear-china-princess-line-waistcoat
www.virgio.com,https://www.virgio.com/products/pantone-floral-print-blocked-shirt
www.virgio.com,https://www.virgio.com/products/floral-print-mini-dress
www.virgio.com,https://www.virgio.com/products/veronicas-retro-cotton-checked-co-ord-set
www.virgio.com,https://www.virgio.com/products/tranquil-checks-cotton-gingham-co-ord-set
www.virgio.com,https://www.virgio.com/products/ss24-chic-cotton-crop-shirt-with-cargo-pockets
www.virgio.com,https://www.virgio.com/products/denimdaze-sleek-denim-box-fit-shirt
www.virgio.com,https://www.virgio.com/products/summer-stripes-ruched-striped-midi-dress
www.virgio.com,https://www.virgio.com/products/9to9-rescued-poly-grey-vest
www.virgio.com,https://www.virgio.com/products/linenluxe-breathable-cotton-shirt
www.virgio.com,https://www.virgio.com/products/sultry-lycra-satin-floral-sleeveless-top
www.virgio.com,https://www.virgio.com/products/linenluxe-chic-floral-co-ord-set
www.virgio.com,https://www.virgio.com/products/date-chic-black-pencil-skirt
www.virgio.com,https://www.virgio.com/products/upcycle-baby-pink-tiered-mini-skirt
www.virgio.com,https://www.virgio.com/products/vintage-bloom-cotton-gathered-mini-skirt
www.virgio.com,https://www.virgio.com/products/veronicas-airy-cotton-viscose-floral-dress
www.virgio.com,https://www.virgio.com/products/denim-daze-hit4-peplum-denim-cami-top
www.virgio.com,https://www.virgio.com/products/denim-daze-hit3-blue-denim-smocking-dress
www.virgio.com,https://www.virgio.com/products/veronicas-chic-cotton-front-open-sleeveless-dress
www.virgio.com,https://www.virgio.com/products/denim-daze-hit2-denim-skirt-with-raw-edges
www.virgio.com,https://www.virgio.com/products/date-classy-black-slip-dress-with-asymmetric-neckline
www.virgio.com,https://www.virgio.com/products/artisans-aura-jaipur-hand-block-print-elasticated-waist-top
www.virgio.com,https://www.virgio.com/products/youth-linen-cotton-scallop-mini-skirt
www.virgio.com,https://www.virgio.com/products/light-winter-front-open-knitted-crop-top
www.virgio.com,https://www.virgio.com/products/ruffle-romance-ruffled-off-shoulder-top
www.virgio.com,https://www.virgio.com/products/viscose-petal-pusher-midi-dress-with-pockets
www.virgio.com,https://www.virgio.com/products/linenluxe-comfy-cotton-playsuit
www.virgio.com,https://www.virgio.com/products/reworked-cami-top-with-bow-at-front
www.virgio.com,https://www.virgio.com/products/upcycle-statement-bandeau-top
www.virgio.com,https://www.virgio.com/products/gothic-boheme-hit2-embroidered-top-with-front-tie
www.virgio.com,https://www.virgio.com/products/mini-geo-print-wrap-dress
www.virgio.com,https://www.virgio.com/products/elevated-essential-h1-cool-knit-extended-sleeve-top
www.virgio.com,https://www.virgio.com/products/elevated-essential-h1-playful-knit-crop-t-shirt
www.virgio.com,https://www.virgio.com/products/vintage-vogue-flared-midi-skirt
www.virgio.com,https://www.virgio.com/products/date-chic-red-lycra-satin-skirt
www.virgio.com,https://www.virgio.com/products/9to9-viscose-oversized-shirt
www.virgio.com,https://www.virgio.com/products/utility-chic-jacket-black-utilitarian-shacket
www.virgio.com,https://www.virgio.com/products/utility-chic-comfy-cotton-cargo-bermudas
www.virgio.com,https://www.virgio.com/products/work-wear-china-black-high-waist-pants
www.virgio.com,https://www.virgio.com/products/gothic-boheme-hit2-white-contrast-embroidery-dress
www.virgio.com,https://www.virgio.com/products/versatile-moss-crepe-fit-flare-dress
www.virgio.com,https://www.virgio.com/products/youth-linen-cotton-puff-sleeve-top
www.virgio.com,https://www.virgio.com/products/chic-lycra-satin-mini-dress
www.virgio.com,https://www.virgio.com/products/linenluxe-navy-blue-wrap-top
www.virgio.com,https://www.virgio.com/products/date-sleek-black-dress-with-contrast-ruffles
www.virgio.com,https://www.virgio.com/products/rose-revival-viscose-knotted-wrap-pants
www.virgio.com,https://www.virgio.com/products/reworked-shirt-striped-high-low-layer-top
www.virgio.com,https://www.virgio.com/products/papillon-charm-butterfly-printed-shirt
www.virgio.com,https://www.virgio.com/products/veronicas-chic-cotton-checked-top
www.virgio.com,https://www.virgio.com/products/modern-muse-lace-detail-pull-up-pants
www.virgio.com,https://www.virgio.com/products/reworked-front-twist-halter-neck-jumpsuit
www.virgio.com,https://www.virgio.com/products/glam-lycra-satin-dress
www.virgio.com,https://www.virgio.com/products/rosebud-corsage-bodycon-dress
www.virgio.com,https://www.virgio.com/products/blossom-white-halter-a-line-dress
www.virgio.com,https://www.virgio.com/products/reworked-shirt-with-tieup-detail-at-waist
www.virgio.com,https://www.virgio.com/products/floral-fantasy-fiesta-dress-with-pockets
www.virgio.com,https://www.virgio.com/products/alicia-glam-cotton-striped-co-ords
www.virgio.com,https://www.virgio.com/products/reworked-chic-cotton-mini-skirt-with-front-tie-up
www.virgio.com,https://www.virgio.com/products/summer-stripes-asymmetric-wrap-wide-legs
www.virgio.com,https://www.virgio.com/products/perfect-match-torrid-cotton-bandeau
www.virgio.com,https://www.virgio.com/products/denimdaze-relax-fit-denim-jacket
www.virgio.com,https://www.virgio.com/products/modern-muse-black-shirt-dress-with-vest
www.virgio.com,https://www.virgio.com/products/9to9-rescued-poly-v-neck-blouse
www.virgio.com,https://www.virgio.com/products/denim-mix-cotton-denim-fusion-midi-skirt
www.virgio.com,https://www.virgio.com/products/9to9-cotton-top-pants-co-ord
www.virgio.com,https://www.virgio.com/products/ric-rac-lace-lace-strap-tiered-dress
www.virgio.com,https://www.virgio.com/products/denimdaze-stylish-denim-mini-skirt
www.virgio.com,https://www.virgio.com/products/9to9-poly-satin-printed-shirt
www.virgio.com,https://www.virgio.com/products/9to9-viscose-high-low-hem-shirt
www.virgio.com,https://www.virgio.com/products/elevated-essentials-comfy-wide-leg-trouser
www.virgio.com,https://www.virgio.com/products/upcycle-baby-blue-printed-co-ord-set
www.virgio.com,https://www.virgio.com/products/veronicas-versatile-cotton-striped-shirt-dress
www.virgio.com,https://www.virgio.com/products/ss24-soft-viscose-floral-coord-set
www.virgio.com,https://www.virgio.com/products/nubohem-breathable-cotton-flared-shorts
www.virgio.com,https://www.virgio.com/products/soft-romance-heart-printed-tank-top
www.virgio.com,https://www.virgio.com/products/ric-rac-lace-lace-detail-flared-skirt
www.virgio.com,https://www.virgio.com/products/reworked-stripe-shirt-with-high-low-hem
www.virgio.com,https://www.virgio.com/products/lease-line-hit2-tiered-waist-gathered-dress
www.virgio.com,https://www.virgio.com/products/cinch-n-vibe-geo-print-dress-with-pockets
www.virgio.com,https://www.virgio.com/products/ric-rac-lace-black-strappy-dress
www.virgio.com,https://www.virgio.com/products/date-glam-lycra-satin-black-bodycon-dress
www.virgio.com,https://www.virgio.com/products/ruby-rapture-knee-length-dress
www.virgio.com,https://www.virgio.com/products/academic-edge-hit2-grey-overlap-knit-tee
www.virgio.com,https://www.virgio.com/products/soft-romance-cupid-graphic-cutout-t-shirt
www.virgio.com,https://www.virgio.com/products/reworked-pleated-skirt
www.virgio.com,https://www.virgio.com/products/elevated-essential-h1-sleek-knit-sleeveless-top
www.virgio.com,https://www.virgio.com/products/linenluxe-pretty-cotton-playsuit
www.virgio.com,https://www.virgio.com/products/utility-chic-jacket-front-open-twill-dress
www.virgio.com,https://www.virgio.com/products/work-wear-china-beige-jail-stripe-waistcoat
www.virgio.com,https://www.virgio.com/products/rose-revival-viscose-floral-shorts
www.virgio.com,https://www.virgio.com/products/floral-front-tie-up-dress-with-pockets
www.virgio.com,https://www.virgio.com/products/solid-blouson-sleeve-dress
www.virgio.com,https://www.virgio.com/products/utility-chic-sleek-cotton-flared-skirt
www.virgio.com,https://www.virgio.com/products/perfect-match-ruched-cotton-top
www.virgio.com,https://www.virgio.com/products/nubohem-comfy-cotton-wide-strap-cami-top
www.virgio.com,https://www.virgio.com/products/gothic-boheme-hit2-red-lace-detail-shirt
www.virgio.com,https://www.virgio.com/products/9to9-rescued-poly-pleated-skirt
www.virgio.com,https://www.virgio.com/products/elevated-essential-h1-airy-knit-boxy-t-shirt
www.virgio.com,https://www.virgio.com/products/flatknits-simco-cotton-round-neck-tank-top
www.virgio.com,https://www.virgio.com/products/ss24-cool-cotton-jacket-with-adjustable-waist
www.virgio.com,https://www.virgio.com/products/nubohem-comfy-cotton-crop-top-with-flared-shorts
www.virgio.com,https://www.virgio.com/products/rose-revival-viscose-linen-co-ords
www.virgio.com,https://www.virgio.com/products/nubohem-embroidered-cotton-crop-top
www.virgio.com,https://www.virgio.com/products/academic-edge-hit1-cropped-boxy-pink-hoodie
www.virgio.com,https://www.virgio.com/products/autumn-pop-abstract-floral-printed-shorts
www.virgio.com,https://www.virgio.com/products/rose-revival-viscose-side-slit-skirt
www.virgio.com,https://www.virgio.com/products/elevated-essential-h1-plush-knit-fitted-top?_pos=1&_psq=Plush%20Knit%20Fitted%20Top&_ss=e&_v=1.0
www.virgio.com,https://www.virgio.com/products/pantone-olive-strappy-gathered-top
www.virgio.com,https://www.virgio.com/products/temple-flower-eco-printed-slit-sleeve-top
www.virgio.com,https://www.virgio.com/products/nubohem-glam-cotton-cut-out-waist-mini-dress
www.virgio.com,https://www.virgio.com/products/academic-edge-hit1-off-shoulder-sweatshirt
www.virgio.com,https://www.virgio.com/products/perfect-match-floral-modal-crop-top
www.virgio.com,https://www.virgio.com/products/perfect-match-cotton-puff-sleeve-top
www.virgio.com,https://www.virgio.com/products/poppy-poplin-cotton-puff-sleeve-shirt
www.virgio.com,https://www.virgio.com/products/utility-chic-chic-cotton-co-ord-set
www.virgio.com,https://www.virgio.com/products/rose-revival-cotton-floral-crop-top
www.virgio.com,https://www.virgio.com/products/upcycle-polka-dot-ruffle-skirt
www.virgio.com,https://www.virgio.com/products/posh-in-polka-cotton-polka-short-blazer
www.virgio.com,https://www.virgio.com/products/modern-muse-pink-lace-detail-midi-dress
www.virgio.com,https://www.virgio.com/products/papillon-charm-asymmetrical-neck-maxi-dress
www.virgio.com,https://www.virgio.com/products/work-wear-china-blue-square-neck-layer-top
www.virgio.com,https://www.virgio.com/products/classic-checkered-minuet-dress-with-pockets
www.virgio.com,https://www.virgio.com/products/light-winter-alabama-front-open-knit-cardigan-top
www.virgio.com,https://www.virgio.com/products/frill-flare-midi-dress-with-pockets
www.virgio.com,https://www.virgio.com/products/floral-fireworks-babydoll-chic-dress
www.virgio.com,https://www.virgio.com/products/emirati-essence-back-criss-cross-halter-dress
www.virgio.com,https://www.virgio.com/products/9to9-rescued-poly-black-blazer
www.virgio.com,https://www.virgio.com/products/youth-linen-linen-sleeveless-top
www.virgio.com,https://www.virgio.com/products/ss24-chic-cotton-knotted-shirt-with-sweater
www.virgio.com,https://www.virgio.com/products/youth-linen-cotton-scallop-midi-dress
www.virgio.com,https://www.virgio.com/products/ric-rac-lace-top-skirt-white-co-ords
www.virgio.com,https://www.virgio.com/products/denim-daze-hit2-denim-bubble-mini-skirt
www.virgio.com,https://www.virgio.com/products/animal-print-v-neck-mini-dress
www.virgio.com,https://www.virgio.com/products/modern-muse-drop-shoulder-lace-shirt
www.virgio.com,https://www.virgio.com/products/soft-romance-smocked-peplum-top-with-bow
www.virgio.com,https://www.virgio.com/products/veronicas-sleek-cotton-lycra-fitted-dress
www.virgio.com,https://www.virgio.com/products/pure-serenity-dress-with-pockets
www.virgio.com,https://www.virgio.com/products/ss24-airy-cotton-straight-pants-with-pockets
www.virgio.com,https://www.virgio.com/products/linenluxe-comfy-relaxed-shorts
www.virgio.com,https://www.virgio.com/products/vintage-vogue-teal-printed-bralette
www.virgio.com,https://www.virgio.com/products/perfect-match-striking-cotton-bandeau
www.virgio.com,https://www.virgio.com/products/ric-rac-lace-black-tunic-pants-co-ord
www.virgio.com,https://www.virgio.com/products/date-chic-red-solid-co-ords
www.virgio.com,https://www.virgio.com/products/rose-revival-viscose-floral-co-ord-set
www.virgio.com,https://www.virgio.com/products/emirati-essence-boxy-fit-collared-shirt
www.virgio.com,https://www.virgio.com/products/ric-rac-lace-ric-rac-lace-black-co-ords
www.virgio.com,https://www.virgio.com/collections/black-dresses-1
www.virgio.com,https://www.virgio.com/products/linenluxe-comfy-relaxed-trousers
www.virgio.com,https://www.virgio.com/products/veronicas-sleek-cotton-front-tie-up-shirt
www.virgio.com,https://www.virgio.com/products/stripe-tastic-back-drama-dress-with-pockets
www.virgio.com,https://www.virgio.com/products/youth-linen-cotton-tie-at-front-top
www.virgio.com,https://www.virgio.com/products/linenluxe-breathable-straight-pants
www.virgio.com,https://www.virgio.com/products/veronicas-sleek-cotton-tapered-trousers
www.virgio.com,https://www.virgio.com/products/rose-revival-viscose-full-sleeve-shirt
www.virgio.com,https://www.virgio.com/products/9to9-rescued-poly-grey-blazer
www.virgio.com,https://www.virgio.com/products/academic-edge-hit1-oversized-black-sweater-vest
www.virgio.com,https://www.virgio.com/products/ss24-green-bustier-cotton-crop-top
www.virgio.com,https://www.virgio.com/products/denim-mix-cotton-panelled-trousers
www.virgio.com,https://www.virgio.com/products/cherry-charm-overlap-v-dress-with-pockets
www.virgio.com,https://www.virgio.com/products/chic-lycra-satin-floral-co-ord-set
www.virgio.com,https://www.virgio.com/products/date-classy-lycra-satin-red-bodycon-dress
www.virgio.com,https://www.virgio.com/products/modern-muse-tie-up-top-with-cami-inside
www.virgio.com,https://www.virgio.com/products/smocking-poplin-cosmic-flare-cottton-dress
www.virgio.com,https://www.virgio.com/products/ric-rac-lace-top-skirt-black-co-ords
www.virgio.com,https://www.virgio.com/products/green-goddess-drawstring-dress-with-pockets
www.virgio.com,https://www.virgio.com/products/elevated-essentials-classy-striped-cropped-denim-shirt
www.virgio.com,https://www.virgio.com/products/light-winter-white-scoop-neck-crop-top
www.virgio.com,https://www.virgio.com/products/floral-stylish-lycra-satin-floral-top
www.virgio.com,https://www.virgio.com/products/emirati-essence-button-up-collared-boxy-shirt
www.virgio.com,https://www.virgio.com/products/whispering-clouds-black-paperbag-waist-pants
www.virgio.com,https://www.virgio.com/products/elevated-essentials-glam-poly-blend-high-waist-shorts
www.virgio.com,https://www.virgio.com/products/nubohem-ingrid-broderie-anglais-shirt
www.virgio.com,https://www.virgio.com/products/modern-muse-crochet-lace-gathered-skirt
www.virgio.com,https://www.virgio.com/products/denim-daze-hit4-blue-regular-flared-denims
www.virgio.com,https://www.virgio.com/products/ruffle-trimmed-round-neck-sundress-with-pockets
www.virgio.com,https://www.virgio.com/products/poppy-poplin-comfy-cotton-smocking-top
www.virgio.com,https://www.virgio.com/products/posh-in-polka-cotton-mini-skirt-with-bow
www.virgio.com,https://www.virgio.com/products/temple-flower-eco-printed-side-slit-tunic
www.virgio.com,https://www.virgio.com/products/ric-rac-lace-lace-trim-scallop-cuff-shirt
www.virgio.com,https://www.virgio.com/products/brightlinen-chic-cotton-a-line-dress
www.virgio.com,https://www.virgio.com/products/veronicas-vintage-cotton-checked-co-ords
www.virgio.com,https://www.virgio.com/products/rainbow-breeze-mini-delight-with-pockets
www.virgio.com,https://www.virgio.com/products/temple-flower-eco-printed-tie-up-waistcoat
www.virgio.com,https://www.virgio.com/products/rose-revival-recycled-poly-v-neck-top
www.virgio.com,https://www.virgio.com/products/linenluxe-glam-jumpsuit-with-cut-out
www.virgio.com,https://www.virgio.com/products/pantone-brown-flared-leg-jumpsuit
www.virgio.com,https://www.virgio.com/products/autumn-pop-purple-tie-detail-dress
www.virgio.com,https://www.virgio.com/products/youth-linen-cotton-scallop-co-ord-set
www.virgio.com,https://www.virgio.com/products/gothic-boheme-hit2-shoulder-tie-up-lace-dress
www.virgio.com,https://www.virgio.com/products/perfect-match-sublime-poplin-co-ord
www.virgio.com,https://www.virgio.com/products/9to9-rescued-poly-ruched-skirt
www.virgio.com,https://www.virgio.com/products/rose-revival-recycled-poly-floral-shirt
www.virgio.com,https://www.virgio.com/products/cinched-silhouette-mini-dress-with-pockets
www.virgio.com,https://www.virgio.com/products/papillon-charm-butterfly-print-midi-dress
www.virgio.com,https://www.virgio.com/products/emirati-essence-criss-cross-back-maxi-dress
www.virgio.com,https://www.virgio.com/products/nubohem-glam-cotton-off-shoulder-midi-dress
www.virgio.com,https://www.virgio.com/products/poppy-poplin-airy-cotton-mini-shorts
www.virgio.com,https://www.virgio.com/products/ditsy-blue-charm-mini-dress-with-pockets
www.virgio.com,https://www.virgio.com/products/soft-romance-rose-applique-bodycon-dress
www.virgio.com,https://www.virgio.com/products/alessa-tier-dress-with-smocking
www.virgio.com,https://www.virgio.com/products/vintage-vogue-teal-pin-tucks-detail-blouse
www.virgio.com,https://www.virgio.com/products/utility-chic-easy-cotton-cargo-bermudas
www.virgio.com,https://www.virgio.com/products/denimdaze-effortless-denim-jacket
www.virgio.com,https://www.virgio.com/products/pink-paradise-stitchwork
www.virgio.com,https://www.virgio.com/products/youth-linen-cotton-bodycon-dress
www.virgio.com,https://www.virgio.com/products/denimdaze-cool-denim-skirt-with-slit
www.virgio.com,https://www.virgio.com/products/veronicas-chic-cotton-lycra-fitted-dress
www.virgio.com,https://www.virgio.com/products/veronicas-sleek-cotton-paper-bag-waist-trousers
www.virgio.com,https://www.virgio.com/products/veronicas-chic-cotton-co-ords
www.virgio.com,https://www.virgio.com/products/veronicas-breathable-viscose-floral-dress
www.virgio.com,https://www.virgio.com/products/smocking-hot-hit3-elasticated-waist-midi-dress
www.virgio.com,https://www.virgio.com/products/date-chic-lycra-satin-red-corset-detail-dress
www.virgio.com,https://www.virgio.com/products/vintage-bloom-gathered-cotton-mini-skirt
www.virgio.com,https://www.virgio.com/products/classy-recycled-polyester-strappy-floral-dress
www.virgio.com,https://www.virgio.com/products/tailored-elegance-back-cutout-regular-shirt
www.virgio.com,https://www.virgio.com/products/9to9-rescued-poly-grey-shorts
www.virgio.com,https://www.virgio.com/products/denimdaze-comfy-denim-box-fit-shirt
www.virgio.com,https://www.virgio.com/products/ric-rac-lace-red-tunic-pants-co-ord
www.virgio.com,https://www.virgio.com/products/chic-serenade1-denim-flared-midi-dress
www.virgio.com,https://www.virgio.com/products/autumn-pop-floral-regular-strappy-top
www.virgio.com,https://www.virgio.com/products/summer-stripes-striped-buttoned-v-neck-vest
www.virgio.com,https://www.virgio.com/products/checkered-pink-wrap-dress-with-pockets
www.virgio.com,https://www.virgio.com/products/pleats-and-puffs-green-midi-dress
www.virgio.com,https://www.virgio.com/products/gothic-boheme-hit2-shoulder-tie-up-dress-with-lace
www.virgio.com,https://www.virgio.com/products/chic-floral-satin-tier-dress
www.virgio.com,https://www.virgio.com/products/gothic-boheme-hit2-black-lace-detail-shirt
www.virgio.com,https://www.virgio.com/products/perfect-match-seraphic-pintuck-skirt
www.virgio.com,https://www.virgio.com/products/lease-line-hit2-olive-front-open-twill-dress
www.virgio.com,https://www.virgio.com/products/9to9-rescued-poly-tapered-pants
www.virgio.com,https://www.virgio.com/products/ric-rac-lace-ric-rac-lace-tiered-skirt
www.virgio.com,https://www.virgio.com/products/denim-daze-hit3-denim-pintuck-crop-shirt
www.virgio.com,https://www.virgio.com/products/whispering-clouds-blue-strappy-mini-dress
www.virgio.com,https://www.virgio.com/products/day-dress-hit2-green-cropped-plaid-shacket
www.virgio.com,https://www.virgio.com/products/upcycle-baby-pink-ruffle-crop-top
www.virgio.com,https://www.virgio.com/products/rose-revival-recycled-poly-printed-dress
www.virgio.com,https://www.virgio.com/products/rose-revival-viscose-linen-blue-shorts
www.virgio.com,https://www.virgio.com/products/blushing-pink-shirt-dress
www.virgio.com,https://www.virgio.com/products/retro-cotton-mini-jumpsuit
www.virgio.com,https://www.virgio.com/products/posh-in-polka-cotton-polka-midi-skirt
www.virgio.com,https://www.virgio.com/products/floral-chic-lycra-satin-floral-dress
www.virgio.com,https://www.virgio.com/products/date-chic-corset-dress-with-flutter-sleeve
www.virgio.com,https://www.virgio.com/products/elevated-essential-h1-edgy-knit-extended-sleeve-top
www.virgio.com,https://www.virgio.com/products/fit-and-flare-dress-with-pockets
www.virgio.com,https://www.virgio.com/products/sleek-blue-animal-print-dress
www.virgio.com,https://www.virgio.com/products/brightlinen-cotton-linen-boxy-shirt
www.virgio.com,https://www.virgio.com/products/emirati-essence-collared-boxy-fit-shirt
www.virgio.com,https://www.virgio.com/products/veronicas-breathable-cotton-checked-shirt
www.virgio.com,https://www.virgio.com/products/youth-linen-cotton-pleated-top
www.virgio.com,https://www.virgio.com/products/veronicas-breezy-cotton-checked-co-ords
www.virgio.com,https://www.virgio.com/products/day-dress-hit2-blue-oversized-plaid-shirt
www.virgio.com,https://www.virgio.com/products/elevated-essential-h1-charming-knit-crop-t-shirt
www.virgio.com,https://www.virgio.com/products/orange-bodycon-dress-with-corsage-sleeve
www.virgio.com,https://www.virgio.com/products/versatile-lycra-satin-corset-dress
www.virgio.com,https://www.virgio.com/products/ss24-glam-cotton-bubble-mini-skirt
www.virgio.com,https://www.virgio.com/products/sweetheart-blue-belle-dress
www.virgio.com,https://www.virgio.com/products/veronicas-breezy-cotton-boxy-shirt
www.virgio.com,https://www.virgio.com/products/midnight-bloom-overlap-dress
www.virgio.com,https://www.virgio.com/products/artisans-aura-jaipur-hand-block-print-flutter-sleeve-top
www.virgio.com,https://www.virgio.com/products/linenluxe-cute-cotton-midi-dress
www.virgio.com,https://www.virgio.com/products/red-v-neck-elegance-with-pockets
www.virgio.com,https://www.virgio.com/products/sultry-recycled-polyester-floral-top
www.virgio.com,https://www.virgio.com/products/upcycle-floral-square-neck-corset
www.virgio.com,https://www.virgio.com/products/9to9-rescued-poly-ruffle-blouse
www.virgio.com,https://www.virgio.com/products/elevated-essentials-chic-straight-leg-trousers-with-front-pockets
www.virgio.com,https://www.virgio.com/products/modern-muse-pink-shirt-dress-with-vest
www.virgio.com,https://www.virgio.com/products/rose-revival-viscose-floral-midi-dress
www.virgio.com,https://www.virgio.com/products/academic-edge-hit1-cropped-elasticated-hoodie
www.virgio.com,https://www.virgio.com/products/yellow-bliss-v-neck-chic-with-pockets
www.virgio.com,https://www.virgio.com/products/linenluxe-versatile-cotton-mini-dress
www.virgio.com,https://www.virgio.com/products/autumn-pop-abstract-floral-strappy-top
www.virgio.com,https://www.virgio.com/products/ruby-reverie-wrap-blazer-dress-with-pockets
www.virgio.com,https://www.virgio.com/products/9to9-cotton-dress-with-belt
www.virgio.com,https://www.virgio.com/products/nubohem-edith-broderie-anglais-shirt
www.virgio.com,https://www.virgio.com/products/ss24-airy-cotton-sleeveless-overshirt
www.virgio.com,https://www.virgio.com/products/pantone-short-puff-sleeve-mini-dress
www.virgio.com,https://www.virgio.com/products/denim-daze-hit2-denim-low-rise-pants
www.virgio.com,https://www.virgio.com/products/linenluxe-front-twist-crop-top
www.virgio.com,https://www.virgio.com/products/retro-cotton-mini-wrap-skort
www.virgio.com,https://www.virgio.com/products/ss24-glam-viscose-strappy-a-line-dress
www.virgio.com,https://www.virgio.com/products/perfect-match-ethereal-floral-co-ord
www.virgio.com,https://www.virgio.com/products/party-wear-black-embellished-dolman-top
www.virgio.com,https://www.virgio.com/products/posh-in-polka-marley-blazer-cotton-polka-crop-blazer
www.virgio.com,https://www.virgio.com/products/tailored-elegance-navy-blue-mini-pleated-skirt
www.virgio.com,https://www.virgio.com/products/modern-muse-embroidery-sleeveless-top
www.virgio.com,https://www.virgio.com/products/light-winter-white-knit-crop-top
www.virgio.com,https://www.virgio.com/products/moonlit-midnight-dress-with-pockets
www.virgio.com,https://www.virgio.com/products/nubohem-sultry-cotton-crop-top-with-corset-detail
www.virgio.com,https://www.virgio.com/products/poppy-poplin-dress-with-gather-details
www.virgio.com,https://www.virgio.com/products/retro-cotton-mini-playsuit
www.virgio.com,https://www.virgio.com/products/9to9-poly-satin-regular-shirt
www.virgio.com,https://www.virgio.com/products/posh-in-polka-polka-co-ord-set
www.virgio.com,https://www.virgio.com/products/work-wear-china-beige-jail-stripe-trousers
www.virgio.com,https://www.virgio.com/products/blossom-puff-sleeve-with-tie-up-with-pockets
www.virgio.com,https://www.virgio.com/products/ss24-casual-cotton-lycra-blend-straight-fit-trousers
www.virgio.com,https://www.virgio.com/products/light-winter-high-neck-full-sleeve-top
www.virgio.com,https://www.virgio.com/products/denim-daze-hit2-denim-skorts-with-slit
www.virgio.com,https://www.virgio.com/products/youth-linen-cotton-tapered-trousers
www.virgio.com,https://www.virgio.com/products/9to9-side-shoulder-pleated-top
www.virgio.com,https://www.virgio.com/products/autumn-pop-floral-printed-pants
www.virgio.com,https://www.virgio.com/products/linenluxe-glam-cotton-mini-dress
www.virgio.com,https://www.virgio.com/products/gothic-boheme-hit2-white-ruffle-midi-skirt
www.virgio.com,https://www.virgio.com/products/flatknits-simco-cotton-blue-tank-top
www.virgio.com,https://www.virgio.com/products/youth-linen-cotton-boxy-collar-shirt
www.virgio.com,https://www.virgio.com/products/ruffle-romance-long-sleeve-ruffle-dress
www.virgio.com,https://www.virgio.com/products/ric-rac-lace-blue-tiered-maxi-skirt
www.virgio.com,https://www.virgio.com/products/smocking-poplin-empire-flare-cotton-dress
www.virgio.com,https://www.virgio.com/products/ss24-cute-cotton-sleeveless-crop-top
www.virgio.com,https://www.virgio.com/products/ss24-smart-cotton-cropped-shirt-with-tie-up-wais
www.virgio.com,https://www.virgio.com/products/soft-romance-ribbed-lace-trim-t-shirt
www.virgio.com,https://www.virgio.com/products/nubohem-sultry-cotton-cami-crop-top
www.virgio.com,https://www.virgio.com/products/ss24-sleek-midi-skirt-with-gather-detailing
www.virgio.com,https://www.virgio.com/products/ruffle-romance-bell-sleeve-ruffle-dress
www.virgio.com,https://www.virgio.com/products/ruffle-romance-black-ruffle-dress-with-slit
www.virgio.com,https://www.virgio.com/products/denim-daze-hit2-denim-fitted-mini-skorts
www.virgio.com,https://www.virgio.com/products/party-wear-maroon-embellished-midi-dress
www.virgio.com,https://www.virgio.com/products/artisans-aura-jaipur-hand-block-print-wrap-pants
www.virgio.com,https://www.virgio.com/products/veronicas-comfy-cotton-checked-co-ords
www.virgio.com,https://www.virgio.com/products/retro-back-cutout-mini-dress
www.virgio.com,https://www.virgio.com/products/ss24-versatile-ruched-front-viscose-skirt
www.virgio.com,https://www.virgio.com/products/vintage-bloom-cotton-tie-front-top
www.virgio.com,https://www.virgio.com/products/posh-in-polka-viscose-tiered-skirt
www.virgio.com,https://www.virgio.com/products/schiffly-kaleidoscope-chic-dress
www.virgio.com,https://www.virgio.com/products/soft-romance-peter-pan-collar-boxy-shirt
www.virgio.com,https://www.virgio.com/products/smocking-hot-hit2-modal-mini-layered-skirt
www.virgio.com,https://www.virgio.com/products/utility-chic-stylish-cotton-midi-skirt
www.virgio.com,https://www.virgio.com/products/tranquil-checks-cotton-gingham-crop-top
www.virgio.com,https://www.virgio.com/products/vintage-vogue-fit-flare-block-print-dress
www.virgio.com,https://www.virgio.com/products/nubohem-airy-cotton-puff-sleeve-crop-top-with-maxi-skirt
www.virgio.com,https://www.virgio.com/products/nubohem-versatile-cotton-cowl-sleeve-mini-dress?_pos=1&_psq=carleen%20&_ss=e&_v=1.0
www.virgio.com,https://www.virgio.com/products/poppy-poplin-chic-cotton-cut-out-dress
www.virgio.com,https://www.virgio.com/products/youth-linen-cotton-ruching-skirt
www.virgio.com,https://www.virgio.com/products/upcycle-floral-wrap-set
www.virgio.com,https://www.virgio.com/products/nubohem-comfy-cotton-crop-top
www.virgio.com,https://www.virgio.com/products/artisans-aura-jaipur-hand-block-print-full-sleeves-smocked-top
www.virgio.com,https://www.virgio.com/products/rose-revival-recycled-poly-pleated-dress
www.virgio.com,https://www.virgio.com/products/academic-edge-hit1-blue-pull-on-shorts
www.virgio.com,https://www.virgio.com/products/denimdaze-comfort-redefined-jacket
www.virgio.com,https://www.virgio.com/products/academic-edge-hit1-pink-pull-on-shorts
www.virgio.com,https://www.virgio.com/products/reworked-versatile-lycra-mom-fit-solid-trousers
www.virgio.com,https://www.virgio.com/products/flatknits-simco-cotton-white-tank-top
